{
  "timestamp": "2026-05-03T06:35:33.983403+00:00",
  "original_length": 258,
  "signal_length": 512,
  "non_zero_coefficients": 512,
  "sparsity": 0.0,
  "threshold_used": 0.3,
  "max_coefficient": 85303.59431539213,
  "signal_energy": 15396026435.9375,
  "pillar_thresholds_applied": false
}