{
  "timestamp": "2026-05-03T06:35:33.951111+00:00",
  "original_length": 222,
  "signal_length": 256,
  "non_zero_coefficients": 255,
  "sparsity": 0.00390625,
  "threshold_used": 0.3,
  "max_coefficient": 110062.5,
  "signal_energy": 13121326054.6875,
  "pillar_thresholds_applied": false
}