{
  "timestamp": "2026-05-03T03:45:29.383327+00:00",
  "original_length": 262,
  "signal_length": 512,
  "non_zero_coefficients": 2,
  "sparsity": 0.99609375,
  "threshold_used": 0.7,
  "max_coefficient": 91322.84079024261,
  "signal_energy": 16251108828.124998
}