{
  "timestamp": "2026-05-03T03:45:29.359610+00:00",
  "original_length": 221,
  "signal_length": 256,
  "non_zero_coefficients": 1,
  "sparsity": 0.99609375,
  "threshold_used": 0.7,
  "max_coefficient": 110531.25,
  "signal_energy": 12217157226.5625
}