{
  "timestamp": "2026-05-03T06:35:33.992642+00:00",
  "original_length": 262,
  "signal_length": 512,
  "non_zero_coefficients": 512,
  "sparsity": 0.0,
  "threshold_used": 0.3,
  "max_coefficient": 91322.84079024261,
  "signal_energy": 17137761033.593748,
  "pillar_thresholds_applied": false
}