{
  "timestamp": "2026-05-03T03:45:29.346499+00:00",
  "original_length": 187,
  "signal_length": 256,
  "non_zero_coefficients": 1,
  "sparsity": 0.99609375,
  "threshold_used": 0.7,
  "max_coefficient": 90812.5,
  "signal_energy": 8246910156.25
}