{
  "timestamp": "2026-05-03T03:45:29.425809+00:00",
  "original_length": 211,
  "signal_length": 256,
  "non_zero_coefficients": 1,
  "sparsity": 0.99609375,
  "threshold_used": 0.7,
  "max_coefficient": 101462.5,
  "signal_energy": 10294638906.25
}