{
  "timestamp": "2026-05-03T03:45:29.422601+00:00",
  "original_length": 170,
  "signal_length": 256,
  "non_zero_coefficients": 1,
  "sparsity": 0.99609375,
  "threshold_used": 0.7,
  "max_coefficient": 81062.5,
  "signal_energy": 6571128906.25
}