{
  "timestamp": "2026-05-03T03:45:29.353500+00:00",
  "original_length": 254,
  "signal_length": 256,
  "non_zero_coefficients": 1,
  "sparsity": 0.99609375,
  "threshold_used": 0.7,
  "max_coefficient": 181525.0,
  "signal_energy": 32951325625.0
}