{
  "timestamp": "2026-05-03T03:45:29.400506+00:00",
  "original_length": 248,
  "signal_length": 256,
  "non_zero_coefficients": 1,
  "sparsity": 0.99609375,
  "threshold_used": 0.7,
  "max_coefficient": 122625.0,
  "signal_energy": 15036890625.0
}