{
  "timestamp": "2026-05-03T03:45:29.367988+00:00",
  "original_length": 230,
  "signal_length": 256,
  "non_zero_coefficients": 1,
  "sparsity": 0.99609375,
  "threshold_used": 0.7,
  "max_coefficient": 115750.0,
  "signal_energy": 13398062500.0
}