{
  "timestamp": "2026-05-03T03:45:29.361611+00:00",
  "original_length": 248,
  "signal_length": 256,
  "non_zero_coefficients": 1,
  "sparsity": 0.99609375,
  "threshold_used": 0.7,
  "max_coefficient": 125193.75,
  "signal_energy": 15673475039.0625
}