{
  "timestamp": "2026-05-03T03:45:29.333629+00:00",
  "original_length": 235,
  "signal_length": 256,
  "non_zero_coefficients": 1,
  "sparsity": 0.99609375,
  "threshold_used": 0.7,
  "max_coefficient": 119393.75,
  "signal_energy": 14254867539.0625
}