{
  "timestamp": "2026-05-03T03:45:29.365987+00:00",
  "original_length": 248,
  "signal_length": 256,
  "non_zero_coefficients": 1,
  "sparsity": 0.99609375,
  "threshold_used": 0.7,
  "max_coefficient": 126506.25,
  "signal_energy": 16003831289.0625
}