{
  "timestamp": "2026-05-03T03:45:29.338181+00:00",
  "original_length": 228,
  "signal_length": 256,
  "non_zero_coefficients": 1,
  "sparsity": 0.99609375,
  "threshold_used": 0.7,
  "max_coefficient": 112512.5,
  "signal_energy": 12659062656.25
}