{
  "timestamp": "2026-05-03T03:45:29.369988+00:00",
  "original_length": 258,
  "signal_length": 512,
  "non_zero_coefficients": 2,
  "sparsity": 0.99609375,
  "threshold_used": 0.7,
  "max_coefficient": 85303.59431539213,
  "signal_energy": 14523278281.25
}