{
  "timestamp": "2026-05-03T03:45:29.331842+00:00",
  "original_length": 259,
  "signal_length": 512,
  "non_zero_coefficients": 2,
  "sparsity": 0.99609375,
  "threshold_used": 0.7,
  "max_coefficient": 89855.59421928052,
  "signal_energy": 16100472812.5
}