{
  "timestamp": "2026-05-03T03:45:29.413176+00:00",
  "original_length": 212,
  "signal_length": 256,
  "non_zero_coefficients": 1,
  "sparsity": 0.99609375,
  "threshold_used": 0.7,
  "max_coefficient": 106368.75,
  "signal_energy": 11314310976.5625
}