{
  "timestamp": "2026-05-03T03:45:29.407506+00:00",
  "original_length": 228,
  "signal_length": 256,
  "non_zero_coefficients": 1,
  "sparsity": 0.99609375,
  "threshold_used": 0.7,
  "max_coefficient": 112556.25,
  "signal_energy": 12668909414.0625
}