{
  "timestamp": "2026-05-03T03:45:29.349500+00:00",
  "original_length": 273,
  "signal_length": 512,
  "non_zero_coefficients": 2,
  "sparsity": 0.99609375,
  "threshold_used": 0.7,
  "max_coefficient": 136723.51555980137,
  "signal_energy": 34052887070.312496
}