{
  "timestamp": "2026-05-03T03:45:29.369988+00:00",
  "original_length": 214,
  "signal_length": 256,
  "non_zero_coefficients": 1,
  "sparsity": 0.99609375,
  "threshold_used": 0.7,
  "max_coefficient": 104093.75,
  "signal_energy": 10835508789.0625
}