{
  "timestamp": "2026-05-03T03:45:29.420604+00:00",
  "original_length": 188,
  "signal_length": 256,
  "non_zero_coefficients": 1,
  "sparsity": 0.99609375,
  "threshold_used": 0.7,
  "max_coefficient": 88125.0,
  "signal_energy": 7766015625.0
}