{
  "timestamp": "2026-05-03T05:41:42.955121+00:00",
  "original_length": 111,
  "signal_length": 128,
  "non_zero_coefficients": 127,
  "sparsity": 0.0078125,
  "threshold_used": 0.3,
  "max_coefficient": 91976.91456284016,
  "signal_energy": 8657704859.374998,
  "pillar_thresholds_applied": false
}