{
  "timestamp": "2026-05-03T05:09:50.779493+00:00",
  "original_length": 78,
  "signal_length": 128,
  "non_zero_coefficients": 128,
  "sparsity": 0.0,
  "threshold_used": 0.3,
  "max_coefficient": 62685.01615218743,
  "signal_energy": 5622129237.5,
  "pillar_thresholds_applied": false
}