{
  "timestamp": "2026-05-03T05:41:52.092329+00:00",
  "original_length": 119,
  "signal_length": 128,
  "non_zero_coefficients": 128,
  "sparsity": 0.0,
  "threshold_used": 0.3,
  "max_coefficient": 98367.39209781359,
  "signal_energy": 9833183583.593748,
  "pillar_thresholds_applied": false
}