{
  "timestamp": "2026-05-09T02:40:31.170552+00:00",
  "original_length": 114,
  "signal_length": 128,
  "non_zero_coefficients": 128,
  "sparsity": 0.0,
  "threshold_used": 0.3,
  "max_coefficient": 95477.09312971357,
  "signal_energy": 9274151534.374998,
  "pillar_thresholds_applied": false
}